<metadata><idinfo><citation><citeinfo><origin>Pennsylvania. Dept. of Conservation and Natural Resources. Bureau of Forestry</origin><title>DCNR - State Forest District Boundaries</title><geoform>vector digital data</geoform><pubinfo><pubplace>Harrisburg, PA</pubplace><publish>Pa., Dept of Conservation and Natural Resources</publish></pubinfo><pubdate>202306</pubdate><onlink>http://www.pasda.psu.edu/</onlink></citeinfo></citation><descript><abstract>Boundaries of the PA DCNR, Bureau of Forestry Districts. These districts represent the regional management organization of the Bureau.</abstract><purpose>For public information and educational purposes</purpose></descript><timeperd><timeinfo><sngdate><caldate>202306</caldate></sngdate></timeinfo><current>publication date</current></timeperd><status><progress>Complete</progress><update>As needed</update></status><spdom><bounding><westbc>-80.617398</westbc><eastbc>-74.616786</eastbc><northbc>42.282417</northbc><southbc>39.674273</southbc></bounding></spdom><keywords><theme><themekt>ISO 19115 Topic Categories</themekt><themekey>boundaries</themekey></theme><theme><themekt>None</themekt><themekey>administrative units</themekey><themekey>State forest districts</themekey></theme><theme><themekt>ISO 19115 Topic Categories</themekt><themekey>boundaries</themekey></theme><place><placekt>GNIS</placekt><placekey>Pennsylvania</placekey></place></keywords><accconst>None</accconst><useconst>These data are not to be redistributed for commercial profit. Reproduction or redistribution of this digital data set without permission of the Originator/Publisher is expressly forbidden. The Originator and Publisher should be clearly cited in any product derived from this data. Any modifications to this data must be described in any digital or hardcopy product derived from this data.</useconst><datacred>DCNR - Bureau of Forestry</datacred><native>Microsoft Windows 7 Version 6.1 (Build 7601) Service Pack 1; ESRI ArcGIS 10.0.4.4000</native><ptcontac><cntinfo><cntaddr><address>Rachel Carson State Office Building</address><address>PO Box 8767</address><addrtype>mailing and physical address</addrtype><address>400 Market Street</address><city>Harrisburg</city><state>Pennsylvania</state><postal>17105-8767</postal><country>United States</country></cntaddr><cntorgp><cntorg>Pennsylvania Department of Conservation and Natural Resources</cntorg></cntorgp><cntvoice>717-702-2017</cntvoice></cntinfo></ptcontac></idinfo><spdoinfo><direct>Vector</direct><ptvctinf><sdtsterm><sdtstype>GT-polygon composed of chains</sdtstype><ptvctcnt>20</ptvctcnt></sdtsterm></ptvctinf></spdoinfo><spref><horizsys><planar><mapproj><mapprojn>Lambert Conformal Conic</mapprojn><lambertc><stdparll>40.25</stdparll><stdparll>41.5</stdparll><longcm>-78.0</longcm><latprjo>39.0</latprjo><feast>0.0</feast><fnorth>0.0</fnorth></lambertc></mapproj><planci><plance>coordinate pair</plance><coordrep><absres>0.000000026869262370610162</absres><ordres>0.000000026869262370610162</ordres></coordrep></planci></planar><geodetic><horizdn>D North American 1983</horizdn><ellips>GRS 1980</ellips><semiaxis>6378137.0</semiaxis><denflat>298.257222101</denflat></geodetic></horizsys></spref><eainfo><detailed><enttyp><enttypl>DCNR_BOF_Bndry_SFM</enttypl></enttyp><attr><attrlabl>Shape</attrlabl><attrdef>Feature geometry.</attrdef><attrdefs>ESRI</attrdefs><attrdomv><udom>Coordinates defining the features.</udom></attrdomv></attr><attr><attrlabl>FID</attrlabl><attrdef>Internal feature number.</attrdef><attrdefs>ESRI</attrdefs><attrdomv><udom>Sequential unique whole numbers that are automatically generated.</udom></attrdomv></attr><attr><attrlabl>DISTRICTNU</attrlabl><attrdef>Unique ID number of each District</attrdef></attr><attr><attrlabl>DISTRICTNA</attrlabl><attrdef>District Name</attrdef></attr><attr><attrlabl>ACREAGE</attrlabl><attrdef>GIS calculated acreage of each District</attrdef></attr><attr><attrlabl>SHAPE_AREA</attrlabl><attrdef>Area of feature in internal units squared.</attrdef><attrdefs>ESRI</attrdefs><attrdomv><udom>Positive real numbers that are automatically generated.</udom></attrdomv></attr><attr><attrlabl>SHAPE_LEN</attrlabl></attr></detailed></eainfo><metainfo><metd>202306</metd><metc><cntinfo><cntorgp><cntorg>Pennsylvania Spatial Data Access (PASDA)</cntorg></cntorgp><cntpos>Metadata Coordinator</cntpos><cntaddr><addrtype>mailing address</addrtype><address>115 Land and Water Building</address><city>University Park</city><state>Pennsylvania</state><postal>16802</postal><country>United States</country></cntaddr><cntvoice>814-865-8792</cntvoice><cntemail>pasda@psu.edu</cntemail></cntinfo></metc><metstdn>FGDC Content Standard for Digital Geospatial Metadata</metstdn><metstdv>FGDC-STD-001-1998</metstdv><mettc>local time</mettc></metainfo><distinfo><distrib><cntinfo><cntaddr><addrtype>mailing and physical address</addrtype><address>115 Land and Water Building</address><city>University Park</city><state>Pennsylvania</state><postal>16802</postal><country>United States</country></cntaddr><cntvoice>(814) 865 8792</cntvoice><cntemail>pasda@psu.edu</cntemail><cntorgp><cntorg>Pennsylvania Spatial Data Access (PASDA)</cntorg></cntorgp></cntinfo></distrib><distliab>The USER shall indemnify, save harmless, and, if requested, defend those parties involved with the development and distribution of this data, their officers, agents, and employees from and against any suits, claims, or actions for injury, death, or property damage arising out of the use of or any defect in the FILES or any accompanying documentation. Those parties involved with the development and distribution excluded any and all implied warranties, including warranties or merchantability and fitness for a particular purpose and makes no warranty or representation, either express or implied, with respect to the FILES or accompanying documentation, including its quality, performance, merchantability, or fitness for a particular purpose. The FILES and documentation are provided "as is" and the USER assumes the entire risk as to its quality and performance. Those parties involved with the development and distribution of this data will not be liable for any direct, indirect, special, incidental, or consequential damages arising out of the use or inability to use the FILES or any accompanying documentation.</distliab></distinfo><Esri><CreaDate>20230606</CreaDate><CreaTime>11495400</CreaTime><SyncOnce>TRUE</SyncOnce><DataProperties><itemProps><itemLocation><linkage Sync="TRUE">file://\\psieefiler.ems.psu.edu\psieecifsvol1\Allegheny_DEP\202306\DCNR\DCNR_State_Forest_Boundary52023\DCNR_BOF_StateForests202306</linkage><protocol Sync="TRUE">Local Area Network</protocol></itemLocation></itemProps><copyHistory><copy source="\\psieefiler.ems.psu.edu\psieecifsvol1\Allegheny_DEP\202306\DCNR\DCNR_BOF_StateForests202306" dest="\\psieefiler.ems.psu.edu\psieecifsvol1\Allegheny_DEP\202306\DCNR\DCNR_State_Forest_Boundary52023\DCNR_BOF_StateForests202306" date="20230612" time="10113900"/></copyHistory></DataProperties><ModDate>20230607</ModDate><ModTime>9120600</ModTime><scaleRange><minScale>150000000</minScale><maxScale>5000</maxScale></scaleRange><ArcGISFormat>1.0</ArcGISFormat><ArcGISProfile>FGDC</ArcGISProfile><ArcGISstyle>FGDC CSDGM Metadata</ArcGISstyle></Esri><dataIdInfo><idPurp>For public information and educational purposes</idPurp><idAbs>&lt;DIV STYLE="text-align:Left;"&gt;&lt;DIV&gt;&lt;DIV&gt;&lt;P&gt;&lt;SPAN&gt;Boundaries of the PA DCNR, Bureau of Forestry Districts. These districts represent the regional management organization of the Bureau.&lt;/SPAN&gt;&lt;/P&gt;&lt;/DIV&gt;&lt;/DIV&gt;&lt;/DIV&gt;</idAbs><idCredit>DCNR - Bureau of Forestry</idCredit><idCitation><resTitle>DCNR - State Forest District Boundaries 2017</resTitle></idCitation><searchKeys><keyword>boundaries</keyword><keyword>administrative units</keyword><keyword>State forest districts</keyword><keyword>boundaries</keyword></searchKeys><resConst><Consts><useLimit>&lt;DIV STYLE="text-align:Left;"&gt;&lt;DIV&gt;&lt;DIV&gt;&lt;P&gt;&lt;SPAN&gt;These data are not to be redistributed for commercial profit. Reproduction or redistribution of this digital data set without permission of the Originator/Publisher is expressly forbidden. The Originator and Publisher should be clearly cited in any product derived from this data. Any modifications to this data must be described in any digital or hardcopy product derived from this data.&lt;/SPAN&gt;&lt;/P&gt;&lt;/DIV&gt;&lt;/DIV&gt;&lt;/DIV&gt;</useLimit></Consts></resConst></dataIdInfo><mdHrLv><ScopeCd value="005"/></mdHrLv></metadata>
