<metadata>
  <idinfo>
    <citation>
      <citeinfo>
        <title>DCNR - Pennsylvania State Forest Boundary 202305</title>
        <geoform>vector digital data</geoform>
        <pubdate>202305</pubdate>
        <onlink>http://www.pasda.psu.edu</onlink><origin>Pennsylvania. Dept. of Conservation and Natural Resources. Bureau of State Parks</origin>
      </citeinfo>
    </citation>
    <spdom>
      <bounding>
        <westbc>-80.113278</westbc>
        <eastbc>-74.754443</eastbc>
        <northbc>41.956088</northbc>
        <southbc>39.720906</southbc>
      </bounding>
    </spdom>
    <accconst>None</accconst>
    <useconst>None</useconst>
    <native> Version 6.2 (Build 9200) ; Esri ArcGIS 10.8.1.14362</native>
    <ptcontac><cntinfo><cntaddr><address>Rachel Carson State Office Building</address><address>PO Box 8767</address><addrtype>mailing and physical address</addrtype><address>400 Market Street</address><city>Harrisburg</city><state>Pennsylvania</state><postal>17105-8767</postal><country>United States</country></cntaddr><cntorgp><cntorg>Pennsylvania Department of Conservation and Natural Resources</cntorg></cntorgp><cntvoice>717-702-2017</cntvoice></cntinfo></ptcontac>
  </idinfo>
  <spdoinfo>
    <direct>Vector</direct>
    <ptvctinf>
      <sdtsterm>
        <sdtstype>GT-polygon composed of chains</sdtstype>
        <ptvctcnt>672</ptvctcnt>
      </sdtsterm>
    </ptvctinf>
  </spdoinfo>
  <spref>
    <horizsys>
      <geograph>
        <latres>8.983152841195215e-09</latres>
        <longres>8.983152841195215e-09</longres>
        <geogunit>Decimal Degrees</geogunit>
      </geograph>
      <geodetic>
        <horizdn>D WGS 1984</horizdn>
        <ellips>WGS 1984</ellips>
        <semiaxis>6378137.0</semiaxis>
        <denflat>298.257223563</denflat>
      </geodetic>
    </horizsys>
  </spref>
  <eainfo>
    <detailed>
      <enttyp>
        <enttypl>DCNR_Pennsylvania_State_Forest_Boundary202305</enttypl>
      </enttyp>
      <attr>
        <attrlabl>FID</attrlabl>
        <attrdef>Internal feature number.</attrdef>
        <attrdefs>Esri</attrdefs>
        <attrdomv>
          <udom>Sequential unique whole numbers that are automatically generated.</udom>
        </attrdomv>
      </attr>
      <attr>
        <attrlabl>Shape</attrlabl>
        <attrdef>Feature geometry.</attrdef>
        <attrdefs>Esri</attrdefs>
        <attrdomv>
          <udom>Coordinates defining the features.</udom>
        </attrdomv>
      </attr>
      <attr>
        <attrlabl>OBJECTID</attrlabl>
      </attr>
      <attr>
        <attrlabl>SubType</attrlabl>
      </attr>
      <attr>
        <attrlabl>DistrictNu</attrlabl>
      </attr>
      <attr>
        <attrlabl>DistrictNa</attrlabl>
      </attr>
      <attr>
        <attrlabl>SF_Name</attrlabl>
      </attr>
      <attr>
        <attrlabl>WnaType</attrlabl>
      </attr>
      <attr>
        <attrlabl>WnaName</attrlabl>
      </attr>
      <attr>
        <attrlabl>StParkName</attrlabl>
      </attr>
      <attr>
        <attrlabl>SGL_No</attrlabl>
      </attr>
      <attr>
        <attrlabl>LandManage</attrlabl>
      </attr>
      <attr>
        <attrlabl>Notes</attrlabl>
      </attr>
      <attr>
        <attrlabl>Acreage</attrlabl>
      </attr>
      <attr>
        <attrlabl>PerimeterF</attrlabl>
      </attr>
      <attr>
        <attrlabl>CreatedBy</attrlabl>
      </attr>
      <attr>
        <attrlabl>CreatedDat</attrlabl>
      </attr>
      <attr>
        <attrlabl>LastEdited</attrlabl>
      </attr>
      <attr>
        <attrlabl>LastEdit_1</attrlabl>
      </attr>
      <attr>
        <attrlabl>GlobalID</attrlabl>
      </attr>
      <attr>
        <attrlabl>Shape_Leng</attrlabl>
      </attr>
      <attr>
        <attrlabl>Shape_Area</attrlabl>
        <attrdef>Area of feature in internal units squared.</attrdef>
        <attrdefs>Esri</attrdefs>
        <attrdomv>
          <udom>Positive real numbers that are automatically generated.</udom>
        </attrdomv>
      </attr>
      <attr>
        <attrlabl>LATITUDE</attrlabl>
      </attr>
      <attr>
        <attrlabl>LONGITUDE</attrlabl>
      </attr>
      <attr>
        <attrlabl>DESCRIPTIO</attrlabl>
      </attr>
    </detailed>
  </eainfo>
  <metainfo>
    <metd>20230605</metd>
    <metstdn>FGDC Content Standard for Digital Geospatial Metadata</metstdn>
    <metstdv>FGDC-STD-001-1998</metstdv>
    <mettc>local time</mettc>
  </metainfo><distinfo><distrib><cntinfo><cntorgp><cntorg>Pennsylvania Spatial Data Access (PASDA)</cntorg></cntorgp><cntaddr><addrtype>mailing and physical address</addrtype><address>115 Land and Water Building</address><city>University Park</city><state>Pennsylvania</state><postal>16802</postal><country>United States</country></cntaddr><cntvoice>814-865-8792</cntvoice><cntemail>pasda@psu.edu</cntemail></cntinfo></distrib><distliab>The USER shall indemnify, save harmless, and, if requested, defend those parties involved with the development and distribution of this data, their officers, agents, and employees from and against any suits, claims, or actions for injury, death, or property damage arising out of the use of or any defect in the FILES or any accompanying documentation. Those parties involved with the development and distribution excluded any and all implied warranties, including warranties or merchantability and fitness for a particular purpose and makes no warranty or representation, either express or implied, with respect to the FILES or accompanying documentation, including its quality, performance, merchantability, or fitness for a particular purpose. The FILES and documentation are provided "as is" and the USER assumes the entire risk as to its quality and performance. Those parties involved with the development and distribution of this data will not be liable for any direct, indirect, special, incidental, or consequential damages arising out of the use or inability to use the FILES or any accompanying documentation.
</distliab></distinfo>
</metadata>