<metadata>
	<idinfo>
		<citation>
			<citeinfo>
				<origin>Pennsylvania Department of Transportation, Bureau of Planning and Research, Cartographic Information Division</origin>
				<pubdate>202310</pubdate>
				<title>PennDOT - Planning Agencies Boundaries (MPO/RPO)</title>
				<geoform>vector digital data</geoform>
				<pubinfo>
					<pubplace>Harrisburg, PA</pubplace>
					<publish>Pennsylvania Department of Transportation</publish>
				</pubinfo>
				<onlink>http://www.pasda.psu.edu</onlink>
			</citeinfo>
		</citation>
		<descript>
			<purpose>Public information and support for transportation planning, design and development.</purpose>
			<abstract>Planning Agencies Boundaries  - All Pennsylvania Metropolitan Planning Organizations (MPOs)
and Rural Planning Organizations (RPOs) Boundaries</abstract></descript>
		<timeperd>
			<timeinfo>
				<sngdate>
					<caldate>202310</caldate>
				</sngdate>
			</timeinfo>
			<current>publication date</current>
		</timeperd>
		<status>
			<progress>Complete</progress>
			<update>Bi-annual</update>
		</status>
		<spdom>
			<bounding>
				<westbc>
-80.519350</westbc>
				<eastbc>
-74.689580</eastbc>
				<northbc>
42.269480</northbc>
				<southbc>
39.719860</southbc>
			</bounding>
		</spdom>
		<keywords>
			<theme>
				<themekt>ISO 19115 Topic Categories</themekt>
				<themekey>boundaries</themekey>
				<themekey>congressional</themekey>
			</theme>
			<place>
				<placekt>None</placekt>
				<placekey>Pennsylvania</placekey>
			</place>
		</keywords>
		<accconst>None.</accconst>
		<useconst>The user shall indemnify, save harmless, and, if requested, defend the COMMONWEALTH, their officers, agents, and employees from and against any suits, claims, or actions for injury, death, or property damage arising out of the use of or any defect in the FILES or any accompanying documentation.

The COMMONWEALTH excludes any and all implied warranties, including warranties or merchantability and fitness for a particular purpose.

The COMMONWEALTH makes no warranty or representation, either express or implied, with respect to the FILES or accompanying documentation, including its quality, performance, merchantability, or fitness for a particular purpose. The FILES and documentation are provided "as is" and the USER assumes the entire risk as to its quality and performance.

The COMMONWEALTH will not be liable for any direct, indirect, special, incidental, or consequential damages arising out of the use or inability to use the FILES or any accompanying documentation.

The USER is granted permission to translate and add value to the FILES for the use of the FILES on its computer hardware; provided, however, that the USER annually notify the UNIVERSITY / COMMONWEALTH of any customizing or value-adding work done.

Any customized or value added versions of the files will contain the following disclaimer:

THIS IS NOT A PENNSYLVANIA DEPARTMENT OF TRANSPORTATION APPROVED FILE. THE DEPARTMENT OF TRANSPORTATION RETAINS THE MASTER FILES.

THE USER AGREES AND UNDERSTANDS THAT IT MAY NOT FURTHER DISTRIBUTE THE FILES TO A THIRD PARTY.

If you have any questions or problems, contact the ORGANIZATION where you acquired the data.</useconst>
		<ptcontac>
			<cntinfo>
				<cntorgp>
					<cntorg>Pennsylvania Department of Transportation, Bureau of Planning and Research, Geographic Information Division</cntorg>
					<cntper>Bob Grugan</cntper>
				</cntorgp>
				<cntaddr>
					<addrtype>mailing address</addrtype>
					<address>P.O. Box 3654</address>
					<city>Harrisburg</city>
					<state>PA</state>
					<postal>17101-3654</postal>
					<country>USA</country>
				</cntaddr>
				<cntvoice>(717) 772-3305</cntvoice>
				<cntemail>pkielty@pa.gov</cntemail></cntinfo>
		</ptcontac>
		<native>Microsoft Windows XP Version 5.1 (Build 2600) Service Pack 2; ESRI ArcCatalog 9.0.0.535</native>
	</idinfo>
	<dataqual>
		<attracc>
			<attraccr>Verified visually by comparison against source materials.</attraccr>
		</attracc>
		<logic>Topology exists</logic>
		<complete>Contains all congressional districts in the Commonwealth.</complete>
		<posacc>
			<horizpa>
				<horizpar>Digitized from sources conforming to National Mapping Accuracy Standards for 1:24,000 scale maps.</horizpar>
				<qhorizpa>
					<horizpav>100</horizpav>
					<horizpae>Estimated accuracy is +/- 100 Feet.</horizpae>
				</qhorizpa>
			</horizpa>
		</posacc>
		<lineage>
			<procstep><procdesc>Digitized from PA Department of State maps.  Converted to ESRI Shapefile format for distribution.
</procdesc><procdate>2006</procdate></procstep><procstep><procdesc Sync="TRUE">Dataset moved.</procdesc><srcused Sync="TRUE">D:\PennDOT\PaMPORPOPlanning2009_01</srcused><procdate Sync="TRUE">20100120</procdate><proctime Sync="TRUE">10021800</proctime></procstep></lineage>
	</dataqual>
	<spdoinfo>
		<direct>Vector</direct>
		<ptvctinf>
			<sdtsterm>
				<sdtstype>G-polygon</sdtstype>
				<ptvctcnt>19</ptvctcnt>
			</sdtsterm>
		</ptvctinf>
	</spdoinfo>
	 <spref>
	    <horizsys>
	      <planar>
	        <mapproj>
	          <mapprojn>Pennsylvania Polyconic</mapprojn>
	          <polycon>
	            <longcm>-77.75</longcm>
	            <latprjo>40.925</latprjo>
	            <feast />
	            <fnorth />
	          </polycon>
	        </mapproj>
	        <planci>
	          <plance>coordinate pair</plance>
	          <coordrep>
	            <absres>0.000000004449263180106301</absres>
	            <ordres>0.000000004449263180106301</ordres>
	          </coordrep>
	          <plandu>meter</plandu>
	        </planci>
	      </planar>
	      <geodetic>
	        <horizdn>NAD 83</horizdn>
	        <ellips>GRS 80</ellips>
	        <semiaxis>6378137.0</semiaxis>
	        <denflat>298.257222101</denflat>
	      </geodetic>
	    </horizsys>
  </spref>
	<eainfo>
		<detailed><enttyp><enttypl>PaMPORPOPlanning</enttypl></enttyp><attr><attrlabl>FID </attrlabl></attr></detailed></eainfo>
	<distinfo>
		<distrib>
			<cntinfo>
				<cntorgp>
					<cntorg>Pennsylvania Spatial Data Access (PASDA)</cntorg>
				</cntorgp>
				<cntaddr>
					<addrtype>mailing address</addrtype>
					<address>Land and Water Building</address>
					<city>University Park</city>
					<state>PA</state>
					<postal>16802</postal>
					<country>USA</country>
				</cntaddr>
				<cntemail>pasda@psu.edu</cntemail>
			</cntinfo>
		</distrib>
		<resdesc>downloadabledata

</resdesc>
		<distliab>The USER shall indemnify, save harmless, and, if requested, defend those parties involved with the development and distribution of this data, their officers, agents, and employees from and against any suits, claims, or actions for injury, death, or property damage arising out of the use of or any defect in the FILES or any accompanying documentation. Those parties involved with the development and distribution excluded any and all implied warranties, including warranties or merchantability and fitness for a particular purpose and makes no warranty or representation, either express or implied, with respect to the FILES or accompanying documentation, including its quality, performance, merchantability, or fitness for a particular purpose. The FILES and documentation are provided "as is" and the USER assumes the entire risk as to its quality and performance. Those parties involved with the development and distribution of this data will not be liable for any direct, indirect, special, incidental, or consequential damages arising out of the use or inability to use the FILES or any accompanying documentation.</distliab>
		<stdorder>
			<digform>
				<digtinfo>
					<formname>ArcView Shapefile</formname>
					<formvern>3.x</formvern>
					<filedec>Zip compression</filedec>
					<transize>1.366</transize>
				</digtinfo>
				<digtopt>
					<onlinopt>
						<computer>
							<networka>
							</networka>
						</computer>
						<accinstr>http://www.pasda.psu.edu</accinstr>
					</onlinopt>
				</digtopt>
			</digform>
			<fees>none</fees>
		</stdorder>
	</distinfo>
	<metainfo>
		<metd>202310</metd>
		<metc>
			<cntinfo>
				<cntorgp>
					<cntorg>Pennsylvania Spatial Data Access (PASDA)</cntorg>
					<cntper>Metadata Coordinator</cntper>
				</cntorgp>
				<cntpos>Metadata Coordinator</cntpos>
				<cntaddr>
					<addrtype>mailing address</addrtype>
					<address>115 Land and Water Building</address>
					<city>University Park</city>
					<state>PA</state>
					<postal>16802</postal>
					<country>USA</country>
				</cntaddr>
				<cntvoice>814-865-8792</cntvoice>
				<cntfax>814-865-3378</cntfax>
				<cntemail>pasda.psu.edu</cntemail>
			</cntinfo>
		</metc>
		<metstdn>FGDC Content Standards for Digital Geospatial Metadata</metstdn>
		<metstdv>FGDC-STD-001-1998</metstdv>
		<mettc>local time</mettc>
		<metextns>
			<onlink>http://www.esri.com/metadata/esriprof80.html</onlink>
			<metprof>ESRI Metadata Profile</metprof>
		</metextns>
		<metextns>
			<onlink>http://www.esri.com/metadata/esriprof80.html</onlink>
			<metprof>ESRI Metadata Profile</metprof>
		</metextns>
	</metainfo>
	<Esri><ModDate>20110124</ModDate><ModTime>14560300</ModTime></Esri><mdDateSt Sync="TRUE">20110124</mdDateSt><distInfo><distributor><distorTran><onLineSrc><linkage Sync="TRUE">file://\\PC-36\D\PennDOT\update01_2010\Boundary\PaMPORPOPlanning2009_01</linkage><protocol Sync="TRUE">Local Area Network</protocol></onLineSrc></distorTran></distributor></distInfo></metadata>
