<?xml version="1.0" encoding="UTF-8"?>
<metadata>
  <idinfo>
    <citation>
      <citeinfo>
        <origin>Appalachian Trail Conservancy and National Park Service Appalachian Trail Park Office</origin>
        <pubdate>20110211</pubdate>
        <title>Appalachian National Scenic Trail Centerline</title>
        <edition>First</edition>
        <geoform Sync="TRUE">vector digital data</geoform>
        <pubinfo>
          <pubplace>Harpers Ferry, WV</pubplace>
          <publish>Appalachian Trail Conservancy</publish>
        </pubinfo>
        <onlink>http://www.appalachiantrail.org/</onlink>
        <ftname Sync="TRUE">at_latest</ftname>
        <othercit />
      </citeinfo>
      <citeinfo />
    </citation>
    <descript>
      <abstract>This data set represents the most current depiction of the Appalachian National Scenic Trail centerline. 

Locational information used to create this data set were obtained from Global Positioning Systems (GPS) survey data collected between 1999-2010 using mostly Trimble GPS equipment.</abstract>
      <purpose>This data set was developed to provide a depiction of the Appalachian National Scenic Trail in an usable and easily transferable format between parties so that it can correctly be represented on digital and printed maps; to assist staff members, agency partners, and trail-maintaining clubs with trail and land management duties; and to help local planning agencies, telecommunications companies, and other groups with planning activities, such as siting new developments that could have a substantial impact on the scenic quality of the Appalachian Trail.</purpose>
      <supplinf>The Appalachian National Scenic Trail is a footpath over 2,170 miles in length that traverses the Appalachian Mountains from Maine to Georgia. It passes through 14 states and approximately 241 jurisdictions, and links some 75 national and state parks and forests.  Virtually every mile is within easy access of a major population center and some portion of the trail is within a day's drive of 2/3rds of the U.S. population. 

The idea for an Appalachian Trail was conceived by forester Benton MacKaye in 1921. In 1925, he formed the Appalachian Trail Conference (now called the Appalachian Trail Conservancy), a private not-for-profit organization whose mission is to protect, preserve, manage, and promote the Appalachian Trail. By 1937, an Appalachian Trail footpath was considered complete and open for all to enjoy. In 1968, Congress passed the National Scenic Trails Act that created a system of national scenic trails, starting with the Appalachian Trail and Pacific Crest Trail. 

Though part of the national park system, the Appalachian Trail has largely remained managed by the Appalachian Trail Conservancy (formally called the Appalachian Trail Conference). This responsibility was formally delegated by the Department of the Interior in 1984. Today, the trail and its associated lands are managed by the Appalachian Trail Conservancy, its 31 affiliated trail clubs, and the National Park Service Appalachian Trail Park Office, in conjunction with several agency partners including the USDA Forest Service and numerous state park and state forest agencies.</supplinf>
      <langdata Sync="TRUE">en</langdata>
    </descript>
    <timeperd>
      <timeinfo>
        <rngdates>
          <begdate>20010301</begdate>
          <enddate>20110211</enddate>
        </rngdates>
        <current />
      </timeinfo>
      <current>publication date</current>
      <timeinfo />
    </timeperd>
    <status>
      <progress>Ongoing</progress>
      <update>As needed</update>
    </status>
    <spdom>
      <bounding>
        <westbc Sync="TRUE">-84.198708</westbc>
        <eastbc Sync="TRUE">-68.921469</eastbc>
        <northbc Sync="TRUE">45.904464</northbc>
        <southbc Sync="TRUE">34.626693</southbc>
      </bounding>
      <lboundng>
        <leftbc Sync="TRUE">-84.198708</leftbc>
        <rightbc Sync="TRUE">-68.921469</rightbc>
        <bottombc Sync="TRUE">34.626693</bottombc>
        <topbc Sync="TRUE">45.904464</topbc>
      </lboundng>
      <bounding />
    </spdom>
    <keywords>
      <theme>
        <themekey>Appalachian National Scenic Trail</themekey>
        <themekey>Appalachian Trail</themekey>
        <themekey>A.T. National Scenic Trail</themekey>
        <themekey>A.T.</themekey>
        <themekey>AT</themekey>
        <themekey>A.T. GPS</themekey>
        <themekey>Appalachian Trail Centerline</themekey>
        <themekey>A.T. Centerline</themekey>
      </theme>
      <place>
        <placekey>Appalachian National Scenic Trail</placekey>
        <placekey>Appalachian Trail</placekey>
        <placekey>A.T.</placekey>
        <placekey>AT</placekey>
        <placekey>ME-GA</placekey>
        <placekey>ME</placekey>
        <placekey>NH</placekey>
        <placekey>VT</placekey>
        <placekey>MA</placekey>
        <placekey>CT</placekey>
        <placekey>NY</placekey>
        <placekey>NJ</placekey>
        <placekey>PA</placekey>
        <placekey>MD</placekey>
        <placekey>WV</placekey>
        <placekey>VA</placekey>
        <placekey>TN</placekey>
        <placekey>NC</placekey>
        <placekey>GA</placekey>
      </place>
    </keywords>
    <accconst>It is asked that proper citation (credit: Appalachian Trail Conservancy and National Park Service Appalachian Trail Park Office, 2010) be used on any materials (digital or printed) in which this information appears.</accconst>
    <useconst>Although a large portion of this data is quite accurate, the information depicted in this data set is for general reference purposes only and does not represent legal survey information. The Appalachian Trail Conservancy, the National Park Service Appalachian Trail Park Office, agency partners (including other units of the National Park Service and the USDA Forest Service), and associated trail-maintaining clubs shall not be held responsible for use or misuse of this data. Please see the Distribution_Liability section for more detailed information.</useconst>
    <ptcontac>
      <cntinfo>
        <cntperp>
          <cntper>Matthew C. Robinson</cntper>
          <cntorg>Appalachian National Scenic Trail</cntorg>
        </cntperp>
        <cntfax>(304) 535-6270</cntfax>
        <cntemail>Matt_Robinson@nps.gov</cntemail>
        <hours>9-5 EST</hours>
      </cntinfo>
      <cntinfo />
    </ptcontac>
    <datacred>Appalachian Trail Conservancy and National Park Service Appalachian Trail Park Office</datacred>
    <native Sync="TRUE">Microsoft Windows XP Version 5.1 (Build 2600) Service Pack 3; ESRI ArcCatalog 9.3.1.1850</native>
    <natvform Sync="TRUE">Shapefile</natvform>
  </idinfo>
  <dataqual>
    <attracc>
      <attraccr>All attributes associated with this data set were verified and should reflect the qualities of each portion of the data. Length (distance) information was calculated within the GIS though, so may not accurately reflect true distance values such as those calculated on the ground with a wheel or other measuring device. These values may also vary slightly throughout the data set, depending on the source data used to determine length.</attraccr>
    </attracc>
    <logic>Information within this data set are considered to be logically consistent, though no formal tests were performed. Line geometry is topologically clean.</logic>
    <complete>The Appalachian National Scenic Trail centerline data was created from high accuracy Global Positioning System (GPS) data collected by Dr. Vernon Vernier (1999-2003), Karl Hartzell and John Fletcher (2005), and A.T. staff members (2001-2010), using Trimble GPS equipment, as well as some supplemental data from trail partners. As more accurate and up-to-date information is collected or becomes available, it will be incorporated within, or used to update, the current data set.</complete>
    <posacc>
      <horizpa>
        <horizpar>All data in this data set were collected with Trimble GPS equipment and  post-process differentially corrected. While horizontal accuracy may vary slightly, the data is generally less than 5 meters accurate. All portions of the data meet National Mapping Standards of +/- 46.5 feet horizontal accuracy at a 95% confidence level.</horizpar>
      </horizpa>
      <vertacc>
        <vertaccr>Not available.</vertaccr>
      </vertacc>
    </posacc>
    <lineage>
      <srcinfo>
        <srccite>
          <citeinfo>
            <origin>Appalachian Trail Conservancy and National Park Service Appalachian Trail Park Office</origin>
            <pubdate>20101025</pubdate>
            <title>Appalachian National Scenic Trail Centerline</title>
            <edition>2010</edition>
            <geoform>vector digital data</geoform>
            <pubinfo>
              <pubplace>Harpers Ferry, WV</pubplace>
              <publish>Appalachian Trail Conservancy</publish>
            </pubinfo>
            <onlink>http://www.appalachiantrail.org/</onlink>
          </citeinfo>
        </srccite>
        <srcscale>1:5,000</srcscale>
        <typesrc>CD-ROM</typesrc>
        <srctime>
          <timeinfo>
            <rngdates>
              <begdate>20010301</begdate>
              <enddate>20101025</enddate>
            </rngdates>
          </timeinfo>
          <srccurr>publication date</srccurr>
        </srctime>
        <srccitea>ATC and NPS ATPO</srccitea>
        <srccontr>Information used in compiling this data set was collected and contributed by Dr. Vernon Vernier (1999-2003), Karl Hartzell and John Fletcher (2005), and A.T. staff members (2001-2010), with some supplemental data from trail partners.</srccontr>
      </srcinfo>
      <procstep>
        <procdesc>The Appalachian National Scenic Trail Centerline data was created from high accuracy Global Positioning System (GPS) data collected by Dr. Vernon Vernier (1999-2003), Karl Hartzell and John Fletcher (2005), and A.T. staff members (2001-2010), using Trimble GPS equipment, as well as some supplemental data collected by trail partners. All data are post-processed differently corrected were possible.

As more accurate and up-to-date information is collected or becomes available, it will be incorporated within, or used to update, the current data set.</procdesc>
        <procdate>20010301-20110211</procdate>
      </procstep>
      <procstep>
        <procdesc Sync="TRUE">Metadata imported.</procdesc>
        <srcused Sync="TRUE">G:\Temp\xml2CE.tmp</srcused>
        <date Sync="TRUE">20060817</date>
        <time Sync="TRUE">11313900</time>
      </procstep>
      <procstep>
        <procdesc Sync="TRUE">Dataset copied.</procdesc>
        <srcused Sync="TRUE" />
        <date Sync="TRUE">20091019</date>
        <time Sync="TRUE">14572700</time>
      </procstep>
      <procstep>
        <procdesc Sync="TRUE">Dataset copied.</procdesc>
        <srcused Sync="TRUE" />
        <date Sync="TRUE">20091019</date>
        <time Sync="TRUE">14592400</time>
      </procstep>
      <procstep>
        <procdesc Sync="TRUE">Dataset copied.</procdesc>
        <srcused Sync="TRUE" />
        <procdate Sync="TRUE">20110211</procdate>
        <proctime Sync="TRUE">16043500</proctime>
      </procstep>
      <procstep>
        <procdesc Sync="TRUE">Dataset copied.</procdesc>
        <srcused Sync="TRUE" />
        <procdate Sync="TRUE">20110211</procdate>
        <proctime Sync="TRUE">16050200</proctime>
      </procstep>
    </lineage>
  </dataqual>
  <spdoinfo>
    <direct Sync="TRUE">Vector</direct>
    <ptvctinf>
      <sdtsterm Name="at_latest">
        <sdtstype Sync="TRUE">String</sdtstype>
        <ptvctcnt Sync="TRUE">3178</ptvctcnt>
      </sdtsterm>
      <esriterm Name="at_latest">
        <efeatyp Sync="TRUE">Simple</efeatyp>
        <efeageom Sync="TRUE">Polyline</efeageom>
        <esritopo Sync="TRUE">FALSE</esritopo>
        <efeacnt Sync="TRUE">3178</efeacnt>
        <spindex Sync="TRUE">TRUE</spindex>
        <linrefer Sync="TRUE">FALSE</linrefer>
      </esriterm>
    </ptvctinf>
  </spdoinfo>
  <spref>
    <horizsys>
      <geograph>
        <latres Sync="TRUE">0.000000</latres>
        <longres Sync="TRUE">0.000000</longres>
        <geogunit Sync="TRUE">Decimal degrees</geogunit>
      </geograph>
      <geodetic>
        <horizdn Sync="TRUE">North American Datum of 1983</horizdn>
        <ellips Sync="TRUE">Geodetic Reference System 80</ellips>
        <semiaxis Sync="TRUE">6378137.000000</semiaxis>
        <denflat Sync="TRUE">298.257222</denflat>
      </geodetic>
      <cordsysn>
        <geogcsn Sync="TRUE">GCS_North_American_1983</geogcsn>
      </cordsysn>
    </horizsys>
  </spref>
  <eainfo>
    <detailed Name="at_latest">
      <attr>
        <attrlabl>NOTES</attrlabl>
        <attrdef>Note about specific portion of the data</attrdef>
        <attalias Sync="TRUE">NOTES</attalias>
        <attrtype Sync="TRUE">String</attrtype>
        <attwidth Sync="TRUE">100</attwidth>
        <attrdomv />
      </attr>
      <attr>
        <attrlabl>SOURCE</attrlabl>
        <attrdef>Source of data</attrdef>
        <attalias Sync="TRUE">SOURCE</attalias>
        <attrtype Sync="TRUE">String</attrtype>
        <attwidth Sync="TRUE">100</attwidth>
        <attrdomv />
      </attr>
      <attr>
        <attrlabl Sync="TRUE">STATUS</attrlabl>
        <attalias Sync="TRUE">STATUS</attalias>
        <attrtype Sync="TRUE">String</attrtype>
        <attwidth Sync="TRUE">20</attwidth>
        <attrdef>Status of trail segment</attrdef>
        <attrdomv />
      </attr>
      <attr>
        <attrlabl Sync="TRUE">SURFACE</attrlabl>
        <attalias Sync="TRUE">SURFACE</attalias>
        <attrtype Sync="TRUE">String</attrtype>
        <attwidth Sync="TRUE">20</attwidth>
        <attrdef>General surface of trail segment</attrdef>
        <attrdomv />
      </attr>
      <enttyp>
        <enttypl>Appalachian National Scenic Trail</enttypl>
        <enttypt Sync="TRUE">Feature Class</enttypt>
        <enttypc Sync="TRUE">3178</enttypc>
      </enttyp>
      <attr>
        <attrlabl Sync="TRUE">SHARED_USE</attrlabl>
        <attalias Sync="TRUE">SHARED_USE</attalias>
        <attrtype Sync="TRUE">String</attrtype>
        <attwidth Sync="TRUE">20</attwidth>
        <attrdef>Any feature that this segment of trail shares useage with.</attrdef>
        <attrdomv />
      </attr>
      <attr>
        <attrlabl Sync="TRUE">COMMENTS</attrlabl>
        <attalias Sync="TRUE">COMMENTS</attalias>
        <attrtype Sync="TRUE">String</attrtype>
        <attwidth Sync="TRUE">100</attwidth>
        <attrdef />
        <attrdomv />
      </attr>
      <attr>
        <attrlabl Sync="TRUE">MAX_PDOP</attrlabl>
        <attalias Sync="TRUE">MAX_PDOP</attalias>
        <attrtype Sync="TRUE">Number</attrtype>
        <attwidth Sync="TRUE">8</attwidth>
        <attrdef>GPS Information</attrdef>
        <atnumdec Sync="TRUE">1</atnumdec>
        <attrdomv />
      </attr>
      <attr>
        <attrlabl Sync="TRUE">MAX_HDOP</attrlabl>
        <attalias Sync="TRUE">MAX_HDOP</attalias>
        <attrtype Sync="TRUE">Number</attrtype>
        <attwidth Sync="TRUE">8</attwidth>
        <attrdef>GPS Information</attrdef>
        <atnumdec Sync="TRUE">1</atnumdec>
        <attrdomv />
      </attr>
      <attr>
        <attrlabl Sync="TRUE">CORR_TYPE</attrlabl>
        <attalias Sync="TRUE">CORR_TYPE</attalias>
        <attrtype Sync="TRUE">String</attrtype>
        <attwidth Sync="TRUE">36</attwidth>
        <attrdef>GPS Information</attrdef>
        <attrdomv />
      </attr>
      <attr>
        <attrlabl Sync="TRUE">RCVR_TYPE</attrlabl>
        <attalias Sync="TRUE">RCVR_TYPE</attalias>
        <attrtype Sync="TRUE">String</attrtype>
        <attwidth Sync="TRUE">36</attwidth>
        <attrdef>GPS Information</attrdef>
        <attrdomv />
      </attr>
      <attr>
        <attrlabl Sync="TRUE">GPS_DATE</attrlabl>
        <attalias Sync="TRUE">GPS_DATE</attalias>
        <attrtype Sync="TRUE">Date</attrtype>
        <attwidth Sync="TRUE">8</attwidth>
        <attrdef>GPS Information</attrdef>
        <attrdomv />
      </attr>
      <attr>
        <attrlabl Sync="TRUE">GPS_TIME</attrlabl>
        <attalias Sync="TRUE">GPS_TIME</attalias>
        <attrtype Sync="TRUE">String</attrtype>
        <attwidth Sync="TRUE">10</attwidth>
        <attrdef>GPS Information</attrdef>
        <attrdomv />
      </attr>
      <attr>
        <attrlabl Sync="TRUE">UPDATE_STA</attrlabl>
        <attalias Sync="TRUE">UPDATE_STA</attalias>
        <attrtype Sync="TRUE">String</attrtype>
        <attwidth Sync="TRUE">36</attwidth>
        <attrdef>GPS Information</attrdef>
        <attrdomv />
      </attr>
      <attr>
        <attrlabl Sync="TRUE">FEAT_NAME</attrlabl>
        <attalias Sync="TRUE">FEAT_NAME</attalias>
        <attrtype Sync="TRUE">String</attrtype>
        <attwidth Sync="TRUE">20</attwidth>
        <attrdef>GPS Information</attrdef>
        <attrdomv />
      </attr>
      <attr>
        <attrlabl Sync="TRUE">DATAFILE</attrlabl>
        <attalias Sync="TRUE">DATAFILE</attalias>
        <attrtype Sync="TRUE">String</attrtype>
        <attwidth Sync="TRUE">20</attwidth>
        <attrdef>GPS Information</attrdef>
        <attrdomv />
      </attr>
      <attr>
        <attrlabl Sync="TRUE">UNFILT_POS</attrlabl>
        <attalias Sync="TRUE">UNFILT_POS</attalias>
        <attrtype Sync="TRUE">Number</attrtype>
        <attwidth Sync="TRUE">10</attwidth>
        <attrdef>GPS Information</attrdef>
        <attrdomv />
      </attr>
      <attr>
        <attrlabl Sync="TRUE">FILT_POS</attrlabl>
        <attalias Sync="TRUE">FILT_POS</attalias>
        <attrtype Sync="TRUE">Number</attrtype>
        <attwidth Sync="TRUE">10</attwidth>
        <attrdef>GPS Information</attrdef>
        <attrdomv />
      </attr>
      <attr>
        <attrlabl Sync="TRUE">DATA_DICTI</attrlabl>
        <attalias Sync="TRUE">DATA_DICTI</attalias>
        <attrtype Sync="TRUE">String</attrtype>
        <attwidth Sync="TRUE">20</attwidth>
        <attrdef>GPS Information</attrdef>
        <attrdomv />
      </attr>
      <attr>
        <attrlabl Sync="TRUE">GPS_WEEK</attrlabl>
        <attalias Sync="TRUE">GPS_WEEK</attalias>
        <attrtype Sync="TRUE">Number</attrtype>
        <attwidth Sync="TRUE">6</attwidth>
        <attrdef>GPS Information</attrdef>
        <attrdomv />
      </attr>
      <attr>
        <attrlabl Sync="TRUE">GPS_SECOND</attrlabl>
        <attalias Sync="TRUE">GPS_SECOND</attalias>
        <attrtype Sync="TRUE">Number</attrtype>
        <attwidth Sync="TRUE">19</attwidth>
        <attrdef>GPS Information</attrdef>
        <atnumdec Sync="TRUE">3</atnumdec>
        <attrdomv />
      </attr>
      <attr>
        <attrlabl Sync="TRUE">GPS_LENGTH</attrlabl>
        <attalias Sync="TRUE">GPS_LENGTH</attalias>
        <attrtype Sync="TRUE">Number</attrtype>
        <attwidth Sync="TRUE">19</attwidth>
        <attrdef>GPS Information</attrdef>
        <atnumdec Sync="TRUE">3</atnumdec>
        <attrdomv />
      </attr>
      <attr>
        <attrlabl>FID</attrlabl>
        <attrdef>Internal feature number</attrdef>
        <attrdefs>ESRI</attrdefs>
        <attrdomv>
          <udom>Sequential unique whole numbers that are automatically generated.</udom>
        </attrdomv>
        <attrtype Sync="TRUE">OID</attrtype>
        <attwidth Sync="TRUE">4</attwidth>
        <attalias Sync="TRUE">FID</attalias>
        <atprecis Sync="TRUE">0</atprecis>
        <attscale Sync="TRUE">0</attscale>
      </attr>
      <attr>
        <attrlabl>Shape</attrlabl>
        <attrdef>Feature geometry</attrdef>
        <attrdefs>ESRI</attrdefs>
        <attrdomv>
          <udom>Coordinates defining the features.</udom>
        </attrdomv>
        <attrtype Sync="TRUE">Geometry</attrtype>
        <attwidth Sync="TRUE">0</attwidth>
        <attalias Sync="TRUE">Shape</attalias>
        <atprecis Sync="TRUE">0</atprecis>
        <attscale Sync="TRUE">0</attscale>
      </attr>
      <attr>
        <attrlabl Sync="TRUE">GPS_3DLENG</attrlabl>
        <attalias Sync="TRUE">GPS_3DLENG</attalias>
        <attrtype Sync="TRUE">Number</attrtype>
        <attwidth Sync="TRUE">19</attwidth>
        <attrdef>GPS Information</attrdef>
        <atnumdec Sync="TRUE">3</atnumdec>
        <attrdomv />
      </attr>
      <attr>
        <attrlabl Sync="TRUE">AVG_VERT_P</attrlabl>
        <attalias Sync="TRUE">AVG_VERT_P</attalias>
        <attrtype Sync="TRUE">Number</attrtype>
        <attwidth Sync="TRUE">19</attwidth>
        <attrdef>GPS Information</attrdef>
        <atnumdec Sync="TRUE">1</atnumdec>
        <attrdomv />
      </attr>
      <attr>
        <attrlabl Sync="TRUE">AVG_HORZ_P</attrlabl>
        <attalias Sync="TRUE">AVG_HORZ_P</attalias>
        <attrtype Sync="TRUE">Number</attrtype>
        <attwidth Sync="TRUE">19</attwidth>
        <attrdef>GPS Information</attrdef>
        <atnumdec Sync="TRUE">1</atnumdec>
        <attrdomv />
      </attr>
      <attr>
        <attrlabl Sync="TRUE">WORST_VERT</attrlabl>
        <attalias Sync="TRUE">WORST_VERT</attalias>
        <attrtype Sync="TRUE">Number</attrtype>
        <attwidth Sync="TRUE">19</attwidth>
        <attrdef>GPS Information</attrdef>
        <atnumdec Sync="TRUE">1</atnumdec>
        <attrdomv />
      </attr>
      <attr>
        <attrlabl Sync="TRUE">WORST_HORZ</attrlabl>
        <attalias Sync="TRUE">WORST_HORZ</attalias>
        <attrtype Sync="TRUE">Number</attrtype>
        <attwidth Sync="TRUE">19</attwidth>
        <attrdef>GPS Information</attrdef>
        <atnumdec Sync="TRUE">1</atnumdec>
        <attrdomv />
      </attr>
      <attr>
        <attrlabl Sync="TRUE">LINE_ID</attrlabl>
        <attalias Sync="TRUE">LINE_ID</attalias>
        <attrtype Sync="TRUE">Number</attrtype>
        <attwidth Sync="TRUE">9</attwidth>
        <attrdef />
        <attrdomv />
      </attr>
      <attr>
        <attrlabl Sync="TRUE">CLUB</attrlabl>
        <attalias Sync="TRUE">CLUB</attalias>
        <attrtype Sync="TRUE">String</attrtype>
        <attwidth Sync="TRUE">100</attwidth>
        <attrdef>Trail maintaining club responsible for this section of trail.</attrdef>
        <attrdomv />
      </attr>
      <attr>
        <attrlabl Sync="TRUE">YEAR</attrlabl>
        <attalias Sync="TRUE">YEAR</attalias>
        <attrtype Sync="TRUE">Number</attrtype>
        <attwidth Sync="TRUE">4</attwidth>
        <attrdef>Year the data was collected</attrdef>
        <attrdomv />
      </attr>
      <attr>
        <attrlabl Sync="TRUE">ATC_REGION</attrlabl>
        <attalias Sync="TRUE">ATC_REGION</attalias>
        <attrtype Sync="TRUE">String</attrtype>
        <attwidth Sync="TRUE">100</attwidth>
        <attrdef>ATC region that this trail segment falls in</attrdef>
        <attrdomv />
      </attr>
      <attr>
        <attrlabl Sync="TRUE">Sequence</attrlabl>
        <attalias Sync="TRUE">SEQUENCE</attalias>
        <attrtype Sync="TRUE">String</attrtype>
        <attwidth Sync="TRUE">50</attwidth>
        <atprecis Sync="TRUE">0</atprecis>
        <attscale Sync="TRUE">0</attscale>
        <attrdef>Order of trail segments (work-in-progress)</attrdef>
        <attrdomv />
      </attr>
      <attr>
        <attrlabl Sync="TRUE">2D_Miles</attrlabl>
        <attalias Sync="TRUE">2D_Miles</attalias>
        <attrtype Sync="TRUE">Float</attrtype>
        <attwidth Sync="TRUE">19</attwidth>
        <attrdef>2D length in miles of this trail segment</attrdef>
        <atnumdec Sync="TRUE">11</atnumdec>
        <attrdomv />
      </attr>
      <attr>
        <attrlabl Sync="TRUE">2D_Feet</attrlabl>
        <attalias Sync="TRUE">2D_Feet</attalias>
        <attrtype Sync="TRUE">Float</attrtype>
        <attwidth Sync="TRUE">19</attwidth>
        <attrdef>2D length in feet for this trail segment</attrdef>
        <atnumdec Sync="TRUE">11</atnumdec>
        <attrdomv />
      </attr>
    </detailed>
  </eainfo>
  <distinfo>
    <distrib>
      <cntinfo>
        <cntorgp>
          <cntorg>Data Basin</cntorg>
          <cntper>Data Basin Administrator</cntper>
        </cntorgp>
        <cntaddr>
          <addrtype>physical address</addrtype>
          <address>136 SW Washington Ave, Suite 202</address>
          <city>Corvallis</city>
          <state>OR</state>
          <postal>97333</postal>
          <country>USA</country>
        </cntaddr>
        <cntvoice>541-757-0687</cntvoice>
        <cntemail>databasin_admin@consbio.org</cntemail>
      </cntinfo>
    </distrib>
    <resdesc>This data set was developed to support the A.T. project and the mission and goals of the Appalachian Trail Conservancy and the National Park Service Appalachian Trail Park Office.</resdesc>
    <distliab>No warranty is made by Data Basin for use of this dataset.  No warranty is made by Data Basin regarding the accuracy, reliability, or completeness of this dataset. In no event shall Data Basin have any liability whatsoever for payment of any consequential, incidental, indirect, special, or tort damages of any kind, including, but not limited to, any loss of profits arising out of the use or reliance on the geographic or attribute data contained within this dataset or arising out of the delivery, installation, operation, or support by Data Basin.</distliab>
    <stdorder>
      <digform>
        <digtinfo>
          <formname />
          <formvern>ArcGIS  10</formvern>
          <formspec />
          <filedec>No compression applied</filedec>
        </digtinfo>
        <digtopt>
          <onlinopt>
            <computer>
              <networka>
                <networkr />
              </networka>
            </computer>
            <accinstr>Download from http://databasin.org</accinstr>
          </onlinopt>
        </digtopt>
      </digform>
      <fees>None</fees>
      <ordering>Download from http://databasin.org</ordering>
    </stdorder>
    <techpreq>ESRI ArcGIS Desktop and supporting operating systems.</techpreq>
  </distinfo>
  <metainfo>
    <metd>20110211</metd>
    <metrd>20110211</metrd>
    <metc>
      <cntinfo>
        <cntorgp>
          <cntorg>Appalachian National Scenic Trail</cntorg>
          <cntper>Matthew C. Robinson</cntper>
        </cntorgp>
        <cntpos>GIS Specialist</cntpos>
        <cntaddr>
          <addrtype>mailing address</addrtype>
          <address>P.O. Box 50</address>
          <city>Harpers Ferry</city>
          <state>West Virginia</state>
          <postal>25425</postal>
          <country>USA</country>
        </cntaddr>
        <cntvoice>(304) 535-6278</cntvoice>
        <cntfax>(304) 535-6270</cntfax>
        <cntemail>Matt_Robinson@nps.gov</cntemail>
        <hours>9-5 EST</hours>
      </cntinfo>
    </metc>
    <metstdn Sync="TRUE">FGDC Content Standards for Digital Geospatial Metadata</metstdn>
    <metstdv Sync="TRUE">FGDC-STD-001-1998</metstdv>
    <mettc Sync="TRUE">local time</mettc>
    <metac>None</metac>
    <metuc>None</metuc>
    <metextns>
      <onlink>http://www.esri.com/metadata/esriprof80.html</onlink>
      <metprof>ESRI Metadata Profile</metprof>
    </metextns>
    <langmeta Sync="TRUE">en</langmeta>
    <metextns>
      <onlink Sync="TRUE">http://www.esri.com/metadata/esriprof80.html</onlink>
      <metprof Sync="TRUE">ESRI Metadata Profile</metprof>
    </metextns>
  </metainfo>
  <Esri>
    <CreaDate>20121023</CreaDate>
    <CreaTime>10471400</CreaTime>
    <SyncOnce>FALSE</SyncOnce>
    <SyncDate>20110506</SyncDate>
    <SyncTime>11531900</SyncTime>
    <ModDate>20110506</ModDate>
    <ModTime>11531900</ModTime>
    <DataProperties>
      <lineage>
        <Process Name="Project_2" ToolSource="C:\ArcGIS\ArcToolbox\Toolboxes\Data Management Tools.tbx\Project" Date="20091019" Time="145727">Project at_latest D:\ATGIS\Data\Trail\Centerline\Updated\at_latest_wgs84.shp GEOGCS['GCS_WGS_1984',DATUM['D_WGS_1984',SPHEROID['WGS_1984',6378137.0,298.257223563]],PRIMEM['Greenwich',0.0],UNIT['Degree',0.0174532925199433]] NAD_1927_To_WGS_1984_4 GEOGCS['GCS_North_American_1927',DATUM['D_North_American_1927',SPHEROID['Clarke_1866',6378206.4,294.9786982]],PRIMEM['Greenwich',0.0],UNIT['Degree',0.0174532925199433]]</Process>
        <Process ToolSource="C:\Program Files\ArcGIS\ArcToolbox\Toolboxes\Data Management Tools.tbx\Project" Date="20110211" Time="160435">Project at_latest D:\ATGIS\Data\Trail\Centerline\Updated\at_latest_Project.shp GEOGCS['GCS_North_American_1983',DATUM['D_North_American_1983',SPHEROID['GRS_1980',6378137.0,298.257222101]],PRIMEM['Greenwich',0.0],UNIT['Degree',0.0174532925199433]] NAD_1983_To_WGS_1984_1 GEOGCS['GCS_WGS_1984',DATUM['D_WGS_1984',SPHEROID['WGS_1984',6378137.0,298.257223563]],PRIMEM['Greenwich',0.0],UNIT['Degree',0.0174532925199433]]</Process>
        <Process ToolSource="C:\Program Files (x86)\ArcGIS\Server10.0\ArcToolbox\Toolboxes\Data Management Tools.tbx\AddSpatialIndex" Date="20121023" Time="154815">AddSpatialIndex D:\arcgisserver\services\im\7e16c725ce694b5bbccec790d735fd0c\commondata\data0\at_latest.shp 0 0 0</Process>
        <Process ToolSource="C:\Program Files (x86)\ArcGIS\Server10.0\ArcToolbox\Toolboxes\Data Management Tools.tbx\RepairGeometry" Date="20121023" Time="154817">RepairGeometry GPL0 DELETE_NULL</Process>
      </lineage>
      <itemProps>
        <itemLocation>
          <linkage Sync="TRUE">file://\\INPAPPAATC\D$\AT_GIS\Projects\DataBasin\lpks\Appalachian Trail\commondata\data0\at_latest</linkage>
          <protocol Sync="TRUE">Local Area Network</protocol>
        </itemLocation>
      </itemProps>
      <copyHistory>
        <copy source="B:\Data\Trail\Centerline\at_latest" dest="\\INPAPPAATC\D$\AT_GIS\Projects\DataBasin\lpks\Appalachian Trail\commondata\data0\at_latest" date="20121023" time="10471400" />
      </copyHistory>
    </DataProperties>
    <ArcGISFormat>1.0</ArcGISFormat>
  </Esri>
  <dataIdInfo>
    <envirDesc Sync="TRUE">Microsoft Windows XP Version 5.1 (Build 2600) Service Pack 3; ESRI ArcCatalog 9.3.1.1850</envirDesc>
    <dataLang>
      <languageCode Sync="TRUE" value="en" />
    </dataLang>
    <idCitation>
      <resTitle Sync="TRUE">at_latest</resTitle>
      <presForm>
        <PresFormCd Sync="TRUE" value="005" />
      </presForm>
    </idCitation>
    <spatRpType>
      <SpatRepTypCd Sync="TRUE" value="001" />
    </spatRpType>
    <dataExt>
      <geoEle>
        <GeoBndBox esriExtentType="native">
          <westBL Sync="TRUE">-84.198708</westBL>
          <eastBL Sync="TRUE">-68.921469</eastBL>
          <northBL Sync="TRUE">45.904464</northBL>
          <southBL Sync="TRUE">34.626693</southBL>
          <exTypeCode Sync="TRUE">1</exTypeCode>
        </GeoBndBox>
      </geoEle>
    </dataExt>
    <geoBox esriExtentType="decdegrees">
      <westBL Sync="TRUE">-84.198708</westBL>
      <eastBL Sync="TRUE">-68.921469</eastBL>
      <northBL Sync="TRUE">45.904464</northBL>
      <southBL Sync="TRUE">34.626693</southBL>
      <exTypeCode Sync="TRUE">1</exTypeCode>
    </geoBox>
  </dataIdInfo>
  <mdLang>
    <languageCode Sync="TRUE" value="en" />
  </mdLang>
  <mdStanName Sync="TRUE">ISO 19115 Geographic Information - Metadata</mdStanName>
  <mdStanVer Sync="TRUE">DIS_ESRI1.0</mdStanVer>
  <mdChar>
    <CharSetCd Sync="TRUE" value="004" />
  </mdChar>
  <mdHrLv>
    <ScopeCd Sync="TRUE" value="005" />
  </mdHrLv>
  <mdHrLvName Sync="TRUE">dataset</mdHrLvName>
  <distInfo>
    <distributor>
      <distorTran>
        <onLineSrc>
          <orDesc Sync="TRUE">002</orDesc>
          <linkage Sync="TRUE">file://\\inp2490gis1\AT_GIS\Data\Trail\Centerline\at_latest.shp</linkage>
          <protocol Sync="TRUE">Local Area Network</protocol>
        </onLineSrc>
        <transSize Sync="TRUE">4.421</transSize>
      </distorTran>
      <distorFormat>
        <formatName Sync="TRUE">Shapefile</formatName>
      </distorFormat>
    </distributor>
  </distInfo>
  <refSysInfo>
    <RefSystem>
      <refSysID>
        <identCode Sync="TRUE">GCS_North_American_1983</identCode>
      </refSysID>
    </RefSystem>
  </refSysInfo>
  <spatRepInfo>
    <VectSpatRep>
      <topLvl>
        <TopoLevCd Sync="TRUE" value="001" />
      </topLvl>
      <geometObjs Name="at_latest">
        <geoObjTyp>
          <GeoObjTypCd Sync="TRUE" value="001" />
        </geoObjTyp>
        <geoObjCnt Sync="TRUE">3178</geoObjCnt>
      </geometObjs>
    </VectSpatRep>
  </spatRepInfo>
  <mdDateSt Sync="TRUE">20110506</mdDateSt>
</metadata>

