<?xml version="1.0" encoding="UTF-8"?>
<metadata>
  <idinfo>
    <descript>
      <abstract>This data set represents the most current depiction of the Appalachian National Scenic Trail centerline. 
 
 Locational information used to create this data set were obtained from Global Positioning Systems (GPS) survey data collected between 1999-2010 using mostly Trimble GPS equipment.</abstract>
      <purpose>This data set was developed to provide a depiction of the Appalachian National Scenic Trail in an usable and easily transferable format between parties so that it can correctly be represented on digital and printed maps; to assist staff members, agency partners, and trail-maintaining clubs with trail and land management duties; and to help local planning agencies, telecommunications companies, and other groups with planning activities, such as siting new developments that could have a substantial impact on the scenic quality of the Appalachian Trail.</purpose>
      <supplinf>The Appalachian National Scenic Trail is a footpath over 2,170 miles in length that traverses the Appalachian Mountains from Maine to Georgia. It passes through 14 states and approximately 241 jurisdictions, and links some 75 national and state parks and forests. Virtually every mile is within easy access of a major population center and some portion of the trail is within a day's drive of 2/3rds of the U.S. population. 
 
 The idea for an Appalachian Trail was conceived by forester Benton MacKaye in 1921. In 1925, he formed the Appalachian Trail Conference (now called the Appalachian Trail Conservancy), a private not-for-profit organization whose mission is to protect, preserve, manage, and promote the Appalachian Trail. By 1937, an Appalachian Trail footpath was considered complete and open for all to enjoy. In 1968, Congress passed the National Scenic Trails Act that created a system of national scenic trails, starting with the Appalachian Trail and Pacific Crest Trail. 
 
 Though part of the national park system, the Appalachian Trail has largely remained managed by the Appalachian Trail Conservancy (formally called the Appalachian Trail Conference). This responsibility was formally delegated by the Department of the Interior in 1984. Today, the trail and its associated lands are managed by the Appalachian Trail Conservancy, its 31 affiliated trail clubs, and the National Park Service Appalachian Trail Park Office, in conjunction with several agency partners including the USDA Forest Service and numerous state park and state forest agencies.</supplinf>
    </descript>
    <useconst>Although a large portion of this data is quite accurate, the information depicted in this data set is for general reference purposes only and does not represent legal survey information. The Appalachian Trail Conservancy, the National Park Service Appalachian Trail Park Office, agency partners (including other units of the National Park Service and the USDA Forest Service), and associated trail-maintaining clubs shall not be held responsible for use or misuse of this data. Please see the Distribution_Liability section for more detailed information.</useconst>
    <datacred>Appalachian Trail Conservancy and National Park Service Appalachian Trail Park Office</datacred>
    <citation>
      <citeinfo>
        <title>Appalachian National Scenic Trail Centerline</title>
        <pubdate />
        <othercit>http://www.appalachiantrail.org/</othercit>
        <origin>Appalachian Trail Conservancy and National Park Service Appalachian Trail Park Office</origin>
        <onlink>http://app.databasin.org/app/pages/datasetPage.jsp?id=7e16c725ce694b5bbccec790d735fd0c</onlink>
        <pubinfo>
          <publish />
          <pubplace />
        </pubinfo>
      </citeinfo>
    </citation>
    <ptcontac>
      <cntinfo>
        <cntperp>
          <cntper>Matthew C. Robinson (Matt_Robinson@nps.gov)</cntper>
          <cntorg>Appalachian National Scenic Trail</cntorg>
        </cntperp>
      </cntinfo>
    </ptcontac>
    <status>
      <progress />
      <update />
    </status>
    <timeperd>
      <timeinfo>
        <sngdate>20010301, 20110211</sngdate>
        <current />
      </timeinfo>
    </timeperd>
    <keywords>
      <theme>
        <themekey>a.t.</themekey>
        <themekey>a.t. centerline</themekey>
        <themekey>a.t. gps</themekey>
        <themekey>a.t. national scenic trail</themekey>
        <themekey>appalachian national scenic trail</themekey>
        <themekey>appalachian trail</themekey>
        <themekey>appalachian trail centerline</themekey>
        <themekey>at</themekey>
        <themekt>Data Basin tags</themekt>
      </theme>
    </keywords>
    <spdom>
      <bounding>
        <northbc>46.41843422384012</northbc>
        <eastbc>-68.15776471500529</eastbc>
        <southbc>34.013948100643944</southbc>
        <westbc>-84.96256253373218</westbc>
      </bounding>
    </spdom>
  </idinfo>
  <dataqual>
    <attracc>
      <attraccr>All attributes associated with this data set were verified and should reflect the qualities of each portion of the data. Length (distance) information was calculated within the GIS though, so may not accurately reflect true distance values such as those calculated on the ground with a wheel or other measuring device. These values may also vary slightly throughout the data set, depending on the source data used to determine length.</attraccr>
    </attracc>
    <complete>The Appalachian National Scenic Trail centerline data was created from high accuracy Global Positioning System (GPS) data collected by Dr. Vernon Vernier (1999-2003), Karl Hartzell and John Fletcher (2005), and A.T. staff members (2001-2010), using Trimble GPS equipment, as well as some supplemental data from trail partners. As more accurate and up-to-date information is collected or becomes available, it will be incorporated within, or used to update, the current data set.</complete>
    <lineage>
      <procstep>
        <procdesc>Consolidated Data Basin Info: The Appalachian National Scenic Trail Centerline data was created from high accuracy Global Positioning System (GPS) data collected by Dr. Vernon Vernier (1999-2003), Karl Hartzell and John Fletcher (2005), and A.T. staff members (2001-2010), using Trimble GPS equipment, as well as some supplemental data collected by trail partners. All data are post-processed differently corrected were possible.
 
 As more accurate and up-to-date information is collected or becomes available, it will be incorporated within, or used to update, the current data set.
 Metadata imported. (G:\Temp\xml2CE.tmp)
 Dataset copied.
 Dataset copied.
 Dataset copied.
 Dataset copied.</procdesc>
      </procstep>
    </lineage>
  </dataqual>
  <eainfo>
    <detailed>
      <attr>
        <attrlabl>FID</attrlabl>
        <attalias>FID</attalias>
        <attrdef>Internal feature number</attrdef>
        <attrdomv />
      </attr>
      <attr>
        <attrlabl>Shape</attrlabl>
        <attalias>Shape</attalias>
        <attrdef>Feature geometry</attrdef>
        <attrdomv />
      </attr>
      <attr>
        <attrlabl>STATUS</attrlabl>
        <attalias>STATUS</attalias>
        <attrdef>Status of trail segment</attrdef>
        <attrdomv />
      </attr>
      <attr>
        <attrlabl>SURFACE</attrlabl>
        <attalias>SURFACE</attalias>
        <attrdef>General surface of trail segment</attrdef>
        <attrdomv />
      </attr>
      <attr>
        <attrlabl>SHARED_USE</attrlabl>
        <attalias>SHARED_USE</attalias>
        <attrdef>Any feature that this segment of trail shares useage with.</attrdef>
        <attrdomv />
      </attr>
      <attr>
        <attrlabl>COMMENTS</attrlabl>
        <attalias>COMMENTS</attalias>
        <attrdef>Comments</attrdef>
        <attrdomv />
      </attr>
      <attr>
        <attrlabl>MAX_PDOP</attrlabl>
        <attalias>MAX_PDOP</attalias>
        <attrdef>GPS Information</attrdef>
        <attrdomv />
      </attr>
      <attr>
        <attrlabl>MAX_HDOP</attrlabl>
        <attalias>MAX_HDOP</attalias>
        <attrdef>GPS Information</attrdef>
        <attrdomv />
      </attr>
      <attr>
        <attrlabl>CORR_TYPE</attrlabl>
        <attalias>CORR_TYPE</attalias>
        <attrdef>GPS Information</attrdef>
        <attrdomv />
      </attr>
      <attr>
        <attrlabl>RCVR_TYPE</attrlabl>
        <attalias>RCVR_TYPE</attalias>
        <attrdef>GPS Information</attrdef>
        <attrdomv />
      </attr>
      <attr>
        <attrlabl>GPS_DATE</attrlabl>
        <attalias>GPS_DATE</attalias>
        <attrdef>GPS Information</attrdef>
        <attrdomv />
      </attr>
      <attr>
        <attrlabl>GPS_TIME</attrlabl>
        <attalias>GPS_TIME</attalias>
        <attrdef>GPS Information</attrdef>
        <attrdomv />
      </attr>
      <attr>
        <attrlabl>UPDATE_STA</attrlabl>
        <attalias>UPDATE_STA</attalias>
        <attrdef>GPS Information</attrdef>
        <attrdomv />
      </attr>
      <attr>
        <attrlabl>FEAT_NAME</attrlabl>
        <attalias>FEAT_NAME</attalias>
        <attrdef>GPS Information</attrdef>
        <attrdomv />
      </attr>
      <attr>
        <attrlabl>DATAFILE</attrlabl>
        <attalias>DATAFILE</attalias>
        <attrdef>GPS Information</attrdef>
        <attrdomv />
      </attr>
      <attr>
        <attrlabl>UNFILT_POS</attrlabl>
        <attalias>UNFILT_POS</attalias>
        <attrdef>GPS Information</attrdef>
        <attrdomv />
      </attr>
      <attr>
        <attrlabl>FILT_POS</attrlabl>
        <attalias>FILT_POS</attalias>
        <attrdef>GPS Information</attrdef>
        <attrdomv />
      </attr>
      <attr>
        <attrlabl>DATA_DICTI</attrlabl>
        <attalias>DATA_DICTI</attalias>
        <attrdef>GPS Information</attrdef>
        <attrdomv />
      </attr>
      <attr>
        <attrlabl>GPS_WEEK</attrlabl>
        <attalias>GPS_WEEK</attalias>
        <attrdef>GPS Information</attrdef>
        <attrdomv />
      </attr>
      <attr>
        <attrlabl>GPS_SECOND</attrlabl>
        <attalias>GPS_SECOND</attalias>
        <attrdef>GPS Information</attrdef>
        <attrdomv />
      </attr>
      <attr>
        <attrlabl>GPS_LENGTH</attrlabl>
        <attalias>GPS_LENGTH</attalias>
        <attrdef>GPS Information</attrdef>
        <attrdomv />
      </attr>
      <attr>
        <attrlabl>GPS_3DLENG</attrlabl>
        <attalias>GPS_3DLENG</attalias>
        <attrdef>GPS Information</attrdef>
        <attrdomv />
      </attr>
      <attr>
        <attrlabl>AVG_VERT_P</attrlabl>
        <attalias>AVG_VERT_P</attalias>
        <attrdef>GPS Information</attrdef>
        <attrdomv />
      </attr>
      <attr>
        <attrlabl>AVG_HORZ_P</attrlabl>
        <attalias>AVG_HORZ_P</attalias>
        <attrdef>GPS Information</attrdef>
        <attrdomv />
      </attr>
      <attr>
        <attrlabl>WORST_VERT</attrlabl>
        <attalias>WORST_VERT</attalias>
        <attrdef>GPS Information</attrdef>
        <attrdomv />
      </attr>
      <attr>
        <attrlabl>WORST_HORZ</attrlabl>
        <attalias>WORST_HORZ</attalias>
        <attrdef>GPS Information</attrdef>
        <attrdomv />
      </attr>
      <attr>
        <attrlabl>LINE_ID</attrlabl>
        <attalias>LINE_ID</attalias>
        <attrdef>LINE_ID</attrdef>
        <attrdomv />
      </attr>
      <attr>
        <attrlabl>NOTES</attrlabl>
        <attalias>NOTES</attalias>
        <attrdef>Note about specific portion of the data</attrdef>
        <attrdomv />
      </attr>
      <attr>
        <attrlabl>SOURCE</attrlabl>
        <attalias>SOURCE</attalias>
        <attrdef>Source of data</attrdef>
        <attrdomv />
      </attr>
      <attr>
        <attrlabl>CLUB</attrlabl>
        <attalias>CLUB</attalias>
        <attrdef>Trail maintaining club responsible for this section of trail.</attrdef>
        <attrdomv />
      </attr>
      <attr>
        <attrlabl>YEAR</attrlabl>
        <attalias>YEAR</attalias>
        <attrdef>Year the data was collected</attrdef>
        <attrdomv />
      </attr>
      <attr>
        <attrlabl>ATC_REGION</attrlabl>
        <attalias>ATC_REGION</attalias>
        <attrdef>ATC region that this trail segment falls in</attrdef>
        <attrdomv />
      </attr>
      <attr>
        <attrlabl>SEQUENCE</attrlabl>
        <attalias>SEQUENCE</attalias>
        <attrdef>Order of trail segments (work-in-progress)</attrdef>
        <attrdomv />
      </attr>
      <attr>
        <attrlabl>2D_Miles</attrlabl>
        <attalias>2D_Miles</attalias>
        <attrdef>2D length in miles of this trail segment</attrdef>
        <attrdomv />
      </attr>
      <attr>
        <attrlabl>2D_Feet</attrlabl>
        <attalias>2D_Feet</attalias>
        <attrdef>2D length in feet for this trail segment</attrdef>
        <attrdomv />
      </attr>
    </detailed>
  </eainfo>
  <distinfo>
    <distrib>
      <cntinfo>
        <cntorgp>
          <cntorg>Data Basin</cntorg>
          <cntper>Data Basin Administrator</cntper>
        </cntorgp>
        <cntaddr>
          <addrtype>physical address</addrtype>
          <address>136 SW Washington Ave, Suite 202</address>
          <city>Corvallis</city>
          <state>OR</state>
          <postal>97333</postal>
          <country>USA</country>
        </cntaddr>
        <cntvoice>541-757-0687</cntvoice>
        <cntemail>databasin_admin@consbio.org</cntemail>
      </cntinfo>
    </distrib>
    <resdesc>Appalachian National Scenic Trail Centerline</resdesc>
    <distliab>No warranty is made by Data Basin for use of this dataset.  No warranty is made by Data Basin regarding the accuracy, reliability, or completeness of this dataset. In no event shall Data Basin have any liability whatsoever for payment of any consequential, incidental, indirect, special, or tort damages of any kind, including, but not limited to, any loss of profits arising out of the use or reliance on the geographic or attribute data contained within this dataset or arising out of the delivery, installation, operation, or support by Data Basin.</distliab>
    <stdorder>
      <digform>
        <digtinfo>
          <formname>Feature Layer</formname>
          <formvern>ArcGIS  10</formvern>
          <formspec>Feature Layer</formspec>
          <filedec>No compression applied</filedec>
        </digtinfo>
        <digtopt>
          <onlinopt>
            <computer>
              <networka>
                <networkr>http://app.databasin.org/app/pages/datasetPage.jsp?id=7e16c725ce694b5bbccec790d735fd0c</networkr>
              </networka>
            </computer>
            <accinstr>Download from http://databasin.org</accinstr>
          </onlinopt>
        </digtopt>
      </digform>
      <fees>None</fees>
      <ordering>Download from http://databasin.org</ordering>
    </stdorder>
    <techpreq>ESRI ArcGIS Desktop and supporting operating systems.</techpreq>
  </distinfo>
</metadata>

